{
      "Simple LSTM": {
            "MSE": 0.00039656745093690995,
            "MAE": 0.016095416596070267,
            "RMSE": 0.12686771297721997,
            "sMAPE": 0.018923472975863862,
            "R2": 0.8826370642182175
      },
      "Bi-LSTM": {
            "MSE": 0.0007063024483457992,
            "MAE": 0.02106067206989685,
            "RMSE": 0.14512295500676953,
            "sMAPE": 0.024696595563773238,
            "R2": 0.792360203204074
      },
      "Simple GRU": {
            "MSE": 0.0006719557369284373,
            "MAE": 0.022218866476595156,
            "RMSE": 0.14905994256202823,
            "sMAPE": 0.026126133641394402,
            "R2": 0.8123064082761151
      },
      "Bi-GRU": {
            "MSE": 0.000573257595682254,
            "MAE": 0.01937668000045685,
            "RMSE": 0.13920014367972774,
            "sMAPE": 0.022564168330280823,
            "R2": 0.85605426805426
      },
      "GRU-LSTM": {
            "MSE": 0.0021120914197270695,
            "MAE": 0.03833818931689814,
            "RMSE": 0.1958014027449705,
            "sMAPE": 0.04473505791798315,
            "R2": 0.21152653039777658
      },
      "LSTM-GRU-Bi-LSTM": {
            "MSE": 0.0011397030612769568,
            "MAE": 0.027215013763618363,
            "RMSE": 0.16496973590212952,
            "sMAPE": 0.03190714539162157,
            "R2": 0.5259616455992598
      },
      "Stacked LSTM": {
            "MSE": 0.0009417723669634101,
            "MAE": 0.026011590141211703,
            "RMSE": 0.16128109046385972,
            "sMAPE": 0.0306467224418056,
            "R2": 0.7304258930423859
      },
      "CNN-Bi-LSTM": {
            "MSE": 0.0006293138546310323,
            "MAE": 0.020166528628491352,
            "RMSE": 0.14200890334233046,
            "sMAPE": 0.023750683469207404,
            "R2": 0.8149416474319098
      },
      "LSTM-CNN-GRU": {
            "MSE": 0.023530463949060894,
            "MAE": 0.14920964477571508,
            "RMSE": 0.3862766428037231,
            "sMAPE": 0.18922194396993788,
            "R2": -13.806762057875178
      }
}